likes_bin,likes_WoE,dislikes_bin,dislikes_WoE,views_bin,views_WoE,comment_count_bin,comment_count_WoE,likes_score,dislikes_score,views_score,comment_count_score
"(-5613.827, 1871275.667]",-50.7787487090715,"(-1944.971, 648323.667]",-50.78569262159621,"(-424421.795, 141513048.667]",-50.76560759862525,"(-1626.501, 542167.0]",-50.79071936731305,39.815980290790655,39.82149955347096,39.80553528011324,39.82549498543234
"(1871275.667, 3742551.333]",-47.13838917146939,"(1296647.333, 1944971.0]",-60.077386042892996,"(141513048.667, 283025980.333]",-107.26368022648492,"(1084334.0, 1626501.0]",0.0,36.92249618262492,47.206859975914185,84.71216431005428,-0.5447315852182661
"(3742551.333, 5613827.0]",-84.72978603872036,"(648323.667, 1296647.333]",-9.531017980432502,"(283025980.333, 424538912.0]",-22.314355131420985,"(542167.0, 1084334.0]",-51.51640253645889,66.80144311509972,7.030852303176658,17.19149234810858,40.40229315489829
